datetime,rain,snow,clear,fog,cloudy
2017-05-01 07:00:00,False,False,False,False,True
2017-05-01 13:00:00,False,False,False,False,True
2017-05-01 16:00:00,False,False,False,False,True
2017-05-01 19:00:00,False,False,False,False,True
2017-05-03 19:00:00,False,False,False,False,True
2017-05-04 07:00:00,False,False,True,False,False
2017-05-04 10:00:00,False,False,True,False,False
2017-05-04 13:00:00,False,False,True,False,False
2017-05-04 16:00:00,False,False,False,False,True
2017-05-05 07:00:00,False,False,False,False,True
2017-05-05 10:00:00,False,False,False,False,True
2017-05-05 13:00:00,False,False,False,False,True
2017-05-05 16:00:00,False,False,False,False,True
2017-05-05 19:00:00,False,False,False,False,True
2017-05-06 07:00:00,False,False,False,False,True
2017-05-06 10:00:00,False,False,True,False,False
2017-05-06 13:00:00,False,False,True,False,False
2017-05-06 16:00:00,False,False,True,False,False
2017-05-06 19:00:00,False,False,True,False,False
2017-05-07 07:00:00,False,False,True,False,False
2017-05-07 13:00:00,False,False,True,False,False
2017-05-07 16:00:00,False,False,False,False,True
2017-05-07 19:00:00,False,False,False,False,True
2017-05-08 07:00:00,False,False,False,False,True
2017-05-08 10:00:00,False,False,False,False,True
2017-05-08 13:00:00,False,False,False,False,True
2017-05-08 16:00:00,False,False,False,False,True
2017-05-08 19:00:00,False,False,False,False,True
2017-05-09 07:00:00,False,False,True,False,False
2017-05-09 10:00:00,False,False,False,False,True
2017-05-09 13:00:00,False,False,False,False,True
2017-05-09 16:00:00,False,False,False,False,True
2017-05-09 19:00:00,False,False,False,False,True
2017-05-10 07:00:00,False,False,False,False,True
2017-05-10 10:00:00,False,False,False,False,True
2017-05-10 13:00:00,False,False,False,False,True
2017-05-10 16:00:00,False,False,False,False,True
2017-05-10 19:00:00,False,False,False,False,True
2017-05-11 16:00:00,False,False,False,False,True
2017-05-12 10:00:00,False,False,False,False,True
2017-05-12 13:00:00,False,False,False,False,True
2017-05-12 16:00:00,False,False,False,False,True
2017-05-12 19:00:00,False,False,False,False,True
2017-05-13 07:00:00,False,False,False,False,True
2017-05-13 10:00:00,False,False,False,False,True
2017-05-13 13:00:00,False,False,False,False,True
2017-05-13 16:00:00,False,False,False,False,True
2017-05-13 19:00:00,False,False,False,False,True
2017-05-14 07:00:00,False,False,False,False,True
2017-05-14 10:00:00,False,False,False,False,True
2017-05-14 13:00:00,False,False,False,False,True
2017-05-14 16:00:00,False,False,False,False,True
2017-05-14 19:00:00,False,False,True,False,False
2017-05-16 07:00:00,False,False,False,False,True
2017-05-16 10:00:00,False,False,False,False,True
2017-05-16 13:00:00,False,False,False,False,True
2017-05-16 16:00:00,False,False,False,False,True
2017-05-16 19:00:00,False,False,False,False,True
2017-05-17 07:00:00,False,False,False,False,True
2017-05-17 10:00:00,False,False,False,False,True
2017-05-17 13:00:00,False,False,False,False,True
2017-05-17 16:00:00,False,False,False,False,True
2017-05-17 19:00:00,False,False,False,False,True
2017-05-18 07:00:00,False,False,False,False,True
2017-05-18 10:00:00,False,False,False,False,True
2017-05-18 13:00:00,False,False,False,False,True
2017-05-18 16:00:00,False,False,False,False,True
2017-05-18 19:00:00,False,False,True,False,False
2017-05-19 07:00:00,False,False,False,False,True
2017-05-19 10:00:00,False,False,False,False,True
2017-05-19 13:00:00,False,False,False,False,True
2017-05-19 16:00:00,False,False,False,False,True
2017-05-19 19:00:00,False,False,False,False,True
2017-05-20 07:00:00,False,False,True,False,False
2017-05-20 10:00:00,False,False,True,False,False
2017-05-20 13:00:00,False,False,True,False,False
2017-05-20 16:00:00,False,False,True,False,False
2017-05-20 19:00:00,False,False,True,False,False
2017-05-21 07:00:00,False,False,False,False,True
2017-05-21 10:00:00,False,False,False,False,True
2017-05-21 13:00:00,False,False,False,False,True
2017-05-21 16:00:00,False,False,False,False,True
2017-05-21 19:00:00,False,False,True,False,False
2017-05-22 07:00:00,False,False,False,False,True
2017-05-22 10:00:00,False,False,False,False,True
2017-05-22 13:00:00,False,False,True,False,False
2017-05-22 16:00:00,False,False,True,False,False
2017-05-22 19:00:00,False,False,True,False,False
2017-05-23 07:00:00,False,False,True,False,False
2017-05-23 10:00:00,False,False,True,False,False
2017-05-23 13:00:00,False,False,True,False,False
2017-05-23 16:00:00,False,False,True,False,False
2017-05-23 19:00:00,False,False,True,False,False
2017-05-24 07:00:00,False,False,True,False,False
2017-05-24 10:00:00,False,False,False,False,True
2017-05-24 13:00:00,False,False,True,False,False
2017-05-24 16:00:00,False,False,True,False,False
2017-05-24 19:00:00,False,False,True,False,False
2017-05-25 07:00:00,False,False,False,False,True
2017-05-25 10:00:00,False,False,True,False,False
2017-05-25 13:00:00,False,False,True,False,False
2017-05-25 16:00:00,False,False,True,False,False
2017-05-25 19:00:00,False,False,True,False,False
2017-05-26 07:00:00,False,False,True,False,False
2017-05-26 10:00:00,False,False,True,False,False
2017-05-26 13:00:00,False,False,True,False,False
2017-05-26 16:00:00,False,False,True,False,False
2017-05-26 19:00:00,False,False,True,False,False
2017-05-27 07:00:00,False,False,True,False,False
2017-05-27 10:00:00,False,False,True,False,False
2017-05-27 13:00:00,False,False,True,False,False
2017-05-27 16:00:00,False,False,True,False,False
2017-05-27 19:00:00,False,False,True,False,False
2017-05-28 07:00:00,False,False,True,False,False
2017-05-28 10:00:00,False,False,True,False,False
2017-05-28 13:00:00,False,False,True,False,False
2017-05-28 16:00:00,False,False,True,False,False
2017-05-28 19:00:00,False,False,True,False,False
2017-05-29 07:00:00,False,False,True,False,False
2017-05-29 10:00:00,False,False,True,False,False
2017-05-29 13:00:00,False,False,True,False,False
2017-05-29 16:00:00,False,False,False,False,True
2017-05-29 19:00:00,False,False,False,False,True
2017-05-30 19:00:00,False,False,False,False,True
2017-05-31 07:00:00,False,False,False,False,True
2017-05-31 10:00:00,False,False,False,False,True
2017-05-31 13:00:00,False,False,False,False,True
2017-05-31 16:00:00,False,False,False,False,True
2016-09-01 07:00:00,False,False,False,False,True
2016-09-01 13:00:00,False,False,False,False,True
2016-09-02 07:00:00,False,False,False,False,True
2016-09-02 10:00:00,False,False,False,False,True
2016-09-02 13:00:00,False,False,False,False,True
2016-09-02 16:00:00,False,False,False,False,True
2016-09-02 19:00:00,False,False,False,False,True
2016-09-03 10:00:00,False,False,False,False,True
2016-09-03 13:00:00,False,False,False,False,True
2016-09-03 16:00:00,False,False,True,False,False
2016-09-03 19:00:00,False,False,True,False,False
2016-09-04 07:00:00,False,False,False,False,True
2016-09-04 10:00:00,False,False,False,False,True
2016-09-04 13:00:00,False,False,True,False,False
2016-09-04 16:00:00,False,False,True,False,False
2016-09-04 19:00:00,False,False,True,False,False
2016-09-05 07:00:00,False,False,False,False,True
2016-09-05 10:00:00,False,False,False,False,True
2016-09-05 13:00:00,False,False,False,False,True
2016-09-05 16:00:00,False,False,False,False,True
2016-09-05 19:00:00,False,False,False,False,True
2016-09-06 07:00:00,False,False,False,False,True
2016-09-06 10:00:00,False,False,False,False,True
2016-09-06 13:00:00,False,False,True,False,False
2016-09-06 16:00:00,False,False,True,False,False
2016-09-06 19:00:00,False,False,False,False,True
2016-09-07 07:00:00,False,False,False,False,True
2016-09-07 10:00:00,False,False,False,False,True
2016-09-07 16:00:00,False,False,False,False,True
2016-09-07 19:00:00,False,False,False,False,True
2016-09-08 07:00:00,False,False,True,False,False
2016-09-08 10:00:00,False,False,False,False,True
2016-09-08 13:00:00,False,False,True,False,False
2016-09-08 16:00:00,False,False,True,False,False
2016-09-08 19:00:00,False,False,True,False,False
2016-09-09 07:00:00,False,False,False,False,True
2016-09-09 10:00:00,False,False,False,False,True
2016-09-09 13:00:00,False,False,False,False,True
2016-09-09 16:00:00,False,False,False,False,True
2016-09-09 19:00:00,False,False,True,False,False
2016-09-10 07:00:00,False,False,False,False,True
2016-09-10 10:00:00,False,False,True,False,False
2016-09-10 13:00:00,False,False,False,False,True
2016-09-10 16:00:00,False,False,False,False,True
2016-09-10 19:00:00,False,False,False,False,True
2016-09-11 07:00:00,False,False,True,False,False
2016-09-11 10:00:00,False,False,True,False,False
2016-09-11 13:00:00,False,False,True,False,False
2016-09-11 16:00:00,False,False,True,False,False
2016-09-11 19:00:00,False,False,True,False,False
2016-09-12 07:00:00,False,False,True,False,False
2016-09-12 10:00:00,False,False,True,False,False
2016-09-12 13:00:00,False,False,True,False,False
2016-09-12 16:00:00,False,False,True,False,False
2016-09-12 19:00:00,False,False,True,False,False
2016-09-13 07:00:00,False,False,True,False,False
2016-09-13 10:00:00,False,False,True,False,False
2016-09-13 13:00:00,False,False,True,False,False
2016-09-13 16:00:00,False,False,True,False,False
2016-09-13 19:00:00,False,False,True,False,False
2016-09-14 07:00:00,False,False,True,False,False
2016-09-14 10:00:00,False,False,True,False,False
2016-09-14 13:00:00,False,False,True,False,False
2016-09-14 16:00:00,False,False,True,False,False
2016-09-14 19:00:00,False,False,False,False,True
2016-09-15 07:00:00,False,False,True,False,False
2016-09-15 10:00:00,False,False,True,False,False
2016-09-15 13:00:00,False,False,True,False,False
2016-09-15 16:00:00,False,False,True,False,False
2016-09-15 19:00:00,False,False,True,False,False
2016-09-16 07:00:00,False,False,False,False,True
2016-09-16 10:00:00,False,False,False,False,True
2016-09-16 13:00:00,False,False,False,False,True
2016-09-16 16:00:00,False,False,False,False,True
2016-09-17 13:00:00,False,False,False,False,True
2016-09-17 16:00:00,False,False,True,False,False
2016-09-17 19:00:00,False,False,True,False,False
2016-09-18 07:00:00,False,False,True,False,False
2016-09-18 10:00:00,False,False,True,False,False
2016-09-18 13:00:00,False,False,True,False,False
2016-09-18 16:00:00,False,False,False,False,True
2016-09-18 19:00:00,False,False,False,False,True
2016-09-19 10:00:00,False,False,False,False,True
2016-09-19 13:00:00,False,False,True,False,False
2016-09-19 16:00:00,False,False,False,False,True
2016-09-19 19:00:00,False,False,False,False,True
2016-09-20 07:00:00,False,False,False,False,True
2016-09-20 10:00:00,False,False,True,False,False
2016-09-20 13:00:00,False,False,True,False,False
2016-09-20 16:00:00,False,False,True,False,False
2016-09-20 19:00:00,False,False,True,False,False
2016-09-21 07:00:00,False,False,True,False,False
2016-09-21 10:00:00,False,False,True,False,False
2016-09-21 13:00:00,False,False,True,False,False
2016-09-21 16:00:00,False,False,True,False,False
2016-09-21 19:00:00,False,False,True,False,False
2016-09-22 07:00:00,False,False,True,False,False
2016-09-22 10:00:00,False,False,True,False,False
2016-09-22 13:00:00,False,False,True,False,False
2016-09-22 16:00:00,False,False,True,False,False
2016-09-22 19:00:00,False,False,True,False,False
2016-09-24 07:00:00,False,False,False,False,True
2016-09-24 10:00:00,False,False,False,False,True
2016-09-24 13:00:00,False,False,False,False,True
2016-09-24 16:00:00,False,False,False,False,True
2016-09-25 07:00:00,False,False,False,False,True
2016-09-25 10:00:00,False,False,False,False,True
2016-09-25 13:00:00,False,False,False,False,True
2016-09-25 16:00:00,False,False,False,False,True
2016-09-25 19:00:00,False,False,False,False,True
2016-09-26 07:00:00,False,False,False,False,True
2016-09-26 10:00:00,False,False,False,False,True
2016-09-26 13:00:00,False,False,False,False,True
2016-09-26 16:00:00,False,False,False,False,True
2016-09-26 19:00:00,False,False,False,False,True
2016-09-27 07:00:00,False,False,True,False,False
2016-09-27 10:00:00,False,False,False,False,True
2016-09-27 13:00:00,False,False,True,False,False
2016-09-27 16:00:00,False,False,False,False,True
2016-09-27 19:00:00,False,False,True,False,False
2016-09-28 07:00:00,False,False,True,False,False
2016-09-28 10:00:00,False,False,True,False,False
2016-09-28 13:00:00,False,False,True,False,False
2016-09-28 16:00:00,False,False,True,False,False
2016-09-28 19:00:00,False,False,True,False,False
2016-09-29 07:00:00,False,False,False,False,True
2016-09-29 10:00:00,False,False,True,False,False
2016-09-29 13:00:00,False,False,True,False,False
2016-09-29 16:00:00,False,False,False,False,True
2016-09-29 19:00:00,False,False,False,False,True
2016-09-30 07:00:00,False,False,False,False,True
2016-09-30 10:00:00,False,False,False,False,True
2016-09-30 13:00:00,False,False,True,False,False
2016-09-30 16:00:00,False,False,True,False,False
2016-09-30 19:00:00,False,False,True,False,False
2017-04-01 10:00:00,False,False,False,False,True
2017-04-01 13:00:00,False,False,False,False,True
2017-04-01 16:00:00,False,False,False,False,True
2017-04-01 19:00:00,False,False,False,False,True
2017-04-02 07:00:00,False,False,True,False,False
2017-04-02 10:00:00,False,False,True,False,False
2017-04-02 13:00:00,False,False,True,False,False
2017-04-02 16:00:00,False,False,True,False,False
2017-04-02 19:00:00,False,False,True,False,False
2017-04-03 07:00:00,False,False,False,False,True
2017-04-03 10:00:00,False,False,False,False,True
2017-04-03 13:00:00,False,False,False,False,True
2017-04-03 16:00:00,False,False,True,False,False
2017-04-03 19:00:00,False,False,False,False,True
2017-04-04 07:00:00,False,False,False,False,True
2017-04-04 10:00:00,False,False,False,False,True
2017-04-04 13:00:00,False,False,False,False,True
2017-04-05 16:00:00,False,False,False,False,True
2017-04-05 19:00:00,False,False,False,False,True
2017-04-06 16:00:00,False,False,False,False,True
2017-04-06 19:00:00,False,False,False,False,True
2017-04-07 07:00:00,False,False,False,False,True
2017-04-07 13:00:00,False,False,False,False,True
2017-04-07 16:00:00,False,False,False,False,True
2017-04-08 19:00:00,False,False,False,False,True
2017-04-09 07:00:00,False,False,False,False,True
2017-04-09 10:00:00,False,False,False,False,True
2017-04-09 13:00:00,False,False,False,False,True
2017-04-09 16:00:00,False,False,False,False,True
2017-04-09 19:00:00,False,False,False,False,True
2017-04-10 13:00:00,False,False,False,False,True
2017-04-10 16:00:00,False,False,False,False,True
2017-04-11 07:00:00,False,False,True,False,False
2017-04-11 10:00:00,False,False,True,False,False
2017-04-11 13:00:00,False,False,False,False,True
2017-04-11 16:00:00,False,False,False,False,True
2017-04-11 19:00:00,False,False,False,False,True
2017-04-12 16:00:00,False,False,False,False,True
2017-04-12 19:00:00,False,False,False,False,True
2017-04-13 07:00:00,False,False,False,False,True
2017-04-13 10:00:00,False,False,False,False,True
2017-04-13 13:00:00,False,False,False,False,True
2017-04-13 16:00:00,False,False,False,False,True
2017-04-13 19:00:00,False,False,False,False,True
2017-04-14 07:00:00,False,False,False,False,True
2017-04-14 10:00:00,False,False,False,False,True
2017-04-14 13:00:00,False,False,False,False,True
2017-04-14 16:00:00,False,False,True,False,False
2017-04-14 19:00:00,False,False,True,False,False
2017-04-15 10:00:00,False,False,False,False,True
2017-04-15 13:00:00,False,False,True,False,False
2017-04-15 16:00:00,False,False,True,False,False
2017-04-15 19:00:00,False,False,True,False,False
2017-04-16 07:00:00,False,False,False,False,True
2017-04-16 10:00:00,False,False,False,False,True
2017-04-16 13:00:00,False,False,False,False,True
2017-04-16 16:00:00,False,False,False,False,True
2017-04-16 19:00:00,False,False,False,False,True
2017-04-17 10:00:00,False,False,False,False,True
2017-04-17 13:00:00,False,False,False,False,True
2017-04-18 10:00:00,False,False,False,False,True
2017-04-18 19:00:00,False,False,False,False,True
2017-04-19 07:00:00,False,False,False,False,True
2017-04-19 13:00:00,False,False,False,False,True
2017-04-19 16:00:00,False,False,False,False,True
2017-04-19 19:00:00,False,False,False,False,True
2017-04-20 07:00:00,False,False,False,False,True
2017-04-20 10:00:00,False,False,False,False,True
2017-04-20 13:00:00,False,False,False,False,True
2017-04-20 16:00:00,False,False,True,False,False
2017-04-20 19:00:00,False,False,True,False,False
2017-04-21 07:00:00,False,False,True,False,False
2017-04-21 10:00:00,False,False,False,False,True
2017-04-21 13:00:00,False,False,True,False,False
2017-04-21 16:00:00,False,False,True,False,False
2017-04-21 19:00:00,False,False,True,False,False
2017-04-22 07:00:00,False,False,False,False,True
2017-04-22 10:00:00,False,False,False,False,True
2017-04-22 19:00:00,False,False,False,False,True
2017-04-23 07:00:00,False,False,False,False,True
2017-04-23 10:00:00,False,False,False,False,True
2017-04-23 13:00:00,False,False,False,False,True
2017-04-24 07:00:00,False,False,False,False,True
2017-04-24 10:00:00,False,False,False,False,True
2017-04-24 13:00:00,False,False,True,False,False
2017-04-24 16:00:00,False,False,True,False,False
2017-04-24 19:00:00,False,False,True,False,False
2017-04-25 07:00:00,False,False,False,False,True
2017-04-25 10:00:00,False,False,False,False,True
2017-04-25 13:00:00,False,False,False,False,True
2017-04-25 16:00:00,False,False,False,False,True
2017-04-26 07:00:00,False,False,False,False,True
2017-04-26 10:00:00,False,False,False,False,True
2017-04-26 13:00:00,False,False,True,False,False
2017-04-26 16:00:00,False,False,False,False,True
2017-04-27 07:00:00,False,False,False,False,True
2017-04-27 10:00:00,False,False,False,False,True
2017-04-27 13:00:00,False,False,True,False,False
2017-04-27 16:00:00,False,False,True,False,False
2017-04-27 19:00:00,False,False,True,False,False
2017-04-28 07:00:00,False,False,False,False,True
2017-04-28 10:00:00,False,False,True,False,False
2017-04-28 13:00:00,False,False,True,False,False
2017-04-28 16:00:00,False,False,False,False,True
2017-04-28 19:00:00,False,False,True,False,False
2017-04-29 07:00:00,False,False,False,False,True
2017-04-29 10:00:00,False,False,False,False,True
2017-04-29 19:00:00,False,False,False,False,True
2017-04-30 07:00:00,False,False,True,False,False
2017-04-30 10:00:00,False,False,True,False,False
2017-04-30 13:00:00,False,False,True,False,False
2017-04-30 16:00:00,False,False,True,False,False
2017-04-30 19:00:00,False,False,True,False,False
2017-02-01 07:00:00,False,False,True,False,False
2017-02-01 10:00:00,False,False,True,False,False
2017-02-01 13:00:00,False,False,True,False,False
2017-02-01 16:00:00,False,False,True,False,False
2017-02-02 07:00:00,False,False,True,False,False
2017-02-02 10:00:00,False,False,False,False,True
2017-02-02 13:00:00,False,False,False,False,True
2017-02-02 16:00:00,False,False,False,False,True
2017-02-04 13:00:00,False,False,False,False,True
2017-02-06 10:00:00,False,False,False,False,True
2017-02-06 13:00:00,False,False,False,False,True
2017-02-07 07:00:00,False,False,False,False,True
2017-02-07 10:00:00,False,False,True,False,False
2017-02-07 13:00:00,False,False,True,False,False
2017-02-07 16:00:00,False,False,False,False,True
2017-02-08 07:00:00,False,False,False,False,True
2017-02-08 10:00:00,False,False,False,False,True
2017-02-08 13:00:00,False,False,False,False,True
2017-02-09 16:00:00,False,False,False,False,True
2017-02-10 07:00:00,False,False,False,False,True
2017-02-10 10:00:00,False,False,False,False,True
2017-02-10 16:00:00,False,False,False,False,True
2017-02-11 07:00:00,False,False,False,False,True
2017-02-11 10:00:00,False,False,False,False,True
2017-02-11 13:00:00,False,False,False,False,True
2017-02-11 16:00:00,False,False,False,False,True
2017-02-12 07:00:00,False,False,False,False,True
2017-02-12 10:00:00,False,False,False,False,True
2017-02-12 13:00:00,False,False,True,False,False
2017-02-12 16:00:00,False,False,False,False,True
2017-02-13 07:00:00,False,False,True,False,False
2017-02-13 10:00:00,False,False,True,False,False
2017-02-13 13:00:00,False,False,True,False,False
2017-02-13 16:00:00,False,False,True,False,False
2017-02-14 07:00:00,False,False,False,False,True
2017-02-14 10:00:00,False,False,False,False,True
2017-02-14 13:00:00,False,False,False,False,True
2017-02-14 16:00:00,False,False,False,False,True
2017-02-15 07:00:00,False,False,False,False,True
2017-02-15 10:00:00,False,False,False,False,True
2017-02-16 07:00:00,False,False,False,False,True
2017-02-16 10:00:00,False,False,False,False,True
2017-02-16 13:00:00,False,False,False,False,True
2017-02-16 16:00:00,False,False,False,False,True
2017-02-17 10:00:00,False,False,False,False,True
2017-02-17 13:00:00,False,False,False,False,True
2017-02-17 16:00:00,False,False,True,False,False
2017-02-19 07:00:00,False,False,False,False,True
2017-02-19 16:00:00,False,False,False,False,True
2017-02-20 07:00:00,False,False,False,False,True
2017-02-20 10:00:00,False,False,False,False,True
2017-02-20 13:00:00,False,False,False,False,True
2017-02-20 16:00:00,False,False,False,False,True
2017-02-21 07:00:00,False,False,False,False,True
2017-02-21 10:00:00,False,False,False,False,True
2017-02-21 13:00:00,False,False,False,False,True
2017-02-21 16:00:00,False,False,False,False,True
2017-02-22 07:00:00,False,False,False,False,True
2017-02-22 10:00:00,False,False,False,False,True
2017-02-22 13:00:00,False,False,True,False,False
2017-02-22 16:00:00,False,False,True,False,False
2017-02-23 07:00:00,False,False,False,False,True
2017-02-23 10:00:00,False,False,False,False,True
2017-02-23 13:00:00,False,False,True,False,False
2017-02-23 16:00:00,False,False,True,False,False
2017-02-24 07:00:00,False,False,False,False,True
2017-02-24 10:00:00,False,False,False,False,True
2017-02-24 13:00:00,False,False,False,False,True
2017-02-24 16:00:00,False,False,True,False,False
2017-02-25 07:00:00,False,False,True,False,False
2017-02-25 10:00:00,False,False,False,False,True
2017-02-25 13:00:00,False,False,False,False,True
2017-02-25 16:00:00,False,False,False,False,True
2017-02-26 07:00:00,False,False,False,False,True
2017-02-26 10:00:00,False,False,False,False,True
2017-02-26 13:00:00,False,False,True,False,False
2017-02-26 16:00:00,False,False,True,False,False
2017-02-27 07:00:00,False,False,False,False,True
2017-02-27 13:00:00,False,False,False,False,True
2017-02-27 16:00:00,False,False,True,False,False
2017-02-28 10:00:00,False,False,False,False,True
2017-02-28 13:00:00,False,False,False,False,True
2016-12-01 07:00:00,False,False,True,False,False
2016-12-01 10:00:00,False,False,False,False,True
2016-12-01 13:00:00,False,False,False,False,True
2016-12-02 16:00:00,False,False,False,False,True
2016-12-03 07:00:00,False,False,False,False,True
2016-12-03 10:00:00,False,False,False,False,True
2016-12-04 07:00:00,False,False,True,False,False
2016-12-04 10:00:00,False,False,True,False,False
2016-12-04 13:00:00,False,False,True,False,False
2016-12-04 16:00:00,False,False,False,False,True
2016-12-05 16:00:00,False,False,False,False,True
2016-12-06 07:00:00,False,False,True,False,False
2016-12-06 10:00:00,False,False,True,False,False
2016-12-06 13:00:00,False,False,False,False,True
2016-12-06 16:00:00,False,False,False,False,True
2016-12-07 07:00:00,False,False,True,False,False
2016-12-07 10:00:00,False,False,True,False,False
2016-12-07 13:00:00,False,False,True,False,False
2016-12-07 16:00:00,False,False,True,False,False
2016-12-08 07:00:00,False,False,True,False,False
2016-12-08 10:00:00,False,False,True,False,False
2016-12-08 13:00:00,False,False,False,False,True
2016-12-08 16:00:00,False,False,False,False,True
2016-12-10 07:00:00,False,False,False,False,True
2016-12-10 16:00:00,False,False,False,False,True
2016-12-11 07:00:00,False,False,False,False,True
2016-12-11 10:00:00,False,False,False,False,True
2016-12-11 16:00:00,False,False,False,False,True
2016-12-12 10:00:00,False,False,False,False,True
2016-12-12 13:00:00,False,False,False,False,True
2016-12-12 16:00:00,False,False,True,False,False
2016-12-13 07:00:00,False,False,True,False,False
2016-12-13 10:00:00,False,False,True,False,False
2016-12-13 13:00:00,False,False,True,False,False
2016-12-13 16:00:00,False,False,True,False,False
2016-12-14 07:00:00,False,False,True,False,False
2016-12-14 10:00:00,False,False,True,False,False
2016-12-14 13:00:00,False,False,False,False,True
2016-12-14 16:00:00,False,False,False,False,True
2016-12-15 07:00:00,False,False,True,False,False
2016-12-15 10:00:00,False,False,True,False,False
2016-12-15 13:00:00,False,False,True,False,False
2016-12-15 16:00:00,False,False,True,False,False
2016-12-16 07:00:00,False,False,True,False,False
2016-12-16 10:00:00,False,False,True,False,False
2016-12-16 13:00:00,False,False,True,False,False
2016-12-16 16:00:00,False,False,True,False,False
2016-12-17 07:00:00,False,False,False,False,True
2016-12-17 10:00:00,False,False,False,False,True
2016-12-17 13:00:00,False,False,False,False,True
2016-12-17 16:00:00,False,False,False,False,True
2016-12-19 10:00:00,False,False,True,False,False
2016-12-19 13:00:00,False,False,False,False,True
2016-12-19 16:00:00,False,False,False,False,True
2016-12-20 07:00:00,False,False,True,False,False
2016-12-20 10:00:00,False,False,False,False,True
2016-12-20 13:00:00,False,False,False,False,True
2016-12-20 16:00:00,False,False,True,False,False
2016-12-21 07:00:00,False,False,False,False,True
2016-12-21 10:00:00,False,False,False,False,True
2016-12-21 13:00:00,False,False,False,False,True
2016-12-21 16:00:00,False,False,False,False,True
2016-12-22 07:00:00,False,False,False,False,True
2016-12-22 13:00:00,False,False,False,False,True
2016-12-22 16:00:00,False,False,False,False,True
2016-12-24 07:00:00,False,False,False,False,True
2016-12-24 10:00:00,False,False,False,False,True
2016-12-24 13:00:00,False,False,True,False,False
2016-12-24 16:00:00,False,False,True,False,False
2016-12-25 07:00:00,False,False,True,False,False
2016-12-25 10:00:00,False,False,True,False,False
2016-12-25 13:00:00,False,False,True,False,False
2016-12-25 16:00:00,False,False,False,False,True
2016-12-27 10:00:00,False,False,False,False,True
2016-12-27 13:00:00,False,False,False,False,True
2016-12-27 16:00:00,False,False,False,False,True
2016-12-28 07:00:00,False,False,False,False,True
2016-12-28 10:00:00,False,False,False,False,True
2016-12-29 16:00:00,False,False,False,False,True
2016-12-30 07:00:00,False,False,True,False,False
2016-12-30 10:00:00,False,False,False,False,True
2016-12-31 10:00:00,False,False,False,False,True
2016-08-01 07:00:00,False,False,True,False,False
2016-08-01 10:00:00,False,False,True,False,False
2016-08-01 13:00:00,False,False,True,False,False
2016-08-01 16:00:00,False,False,True,False,False
2016-08-01 19:00:00,False,False,True,False,False
2016-08-02 07:00:00,False,False,False,False,True
2016-08-02 10:00:00,False,False,False,False,True
2016-08-02 16:00:00,False,False,False,False,True
2016-08-02 19:00:00,False,False,False,False,True
2016-08-03 07:00:00,False,False,False,False,True
2016-08-03 10:00:00,False,False,False,False,True
2016-08-03 13:00:00,False,False,False,False,True
2016-08-03 16:00:00,False,False,True,False,False
2016-08-03 19:00:00,False,False,True,False,False
2016-08-04 07:00:00,False,False,False,False,True
2016-08-04 10:00:00,False,False,True,False,False
2016-08-04 13:00:00,False,False,True,False,False
2016-08-04 16:00:00,False,False,True,False,False
2016-08-04 19:00:00,False,False,True,False,False
2016-08-05 07:00:00,False,False,False,False,True
2016-08-05 10:00:00,False,False,True,False,False
2016-08-05 16:00:00,False,False,True,False,False
2016-08-06 07:00:00,False,False,False,False,True
2016-08-06 10:00:00,False,False,False,False,True
2016-08-06 13:00:00,False,False,False,False,True
2016-08-06 16:00:00,False,False,False,False,True
2016-08-06 19:00:00,False,False,False,False,True
2016-08-07 07:00:00,False,False,False,False,True
2016-08-07 10:00:00,False,False,False,False,True
2016-08-07 13:00:00,False,False,False,False,True
2016-08-07 19:00:00,False,False,False,False,True
2016-08-08 07:00:00,False,False,False,False,True
2016-08-08 10:00:00,False,False,False,False,True
2016-08-08 16:00:00,False,False,False,False,True
2016-08-08 19:00:00,False,False,False,False,True
2016-08-09 13:00:00,False,False,False,False,True
2016-08-09 19:00:00,False,False,False,False,True
2016-08-10 07:00:00,False,False,False,False,True
2016-08-10 13:00:00,False,False,False,False,True
2016-08-10 16:00:00,False,False,True,False,False
2016-08-10 19:00:00,False,False,True,False,False
2016-08-11 07:00:00,False,False,True,False,False
2016-08-11 10:00:00,False,False,True,False,False
2016-08-11 16:00:00,False,False,True,False,False
2016-08-11 19:00:00,False,False,True,False,False
2016-08-12 07:00:00,False,False,True,False,False
2016-08-12 10:00:00,False,False,True,False,False
2016-08-12 13:00:00,False,False,False,False,True
2016-08-12 19:00:00,False,False,True,False,False
2016-08-13 07:00:00,False,False,True,False,False
2016-08-13 16:00:00,False,False,True,False,False
2016-08-13 19:00:00,False,False,True,False,False
2016-08-14 07:00:00,False,False,True,False,False
2016-08-14 10:00:00,False,False,True,False,False
2016-08-14 13:00:00,False,False,True,False,False
2016-08-14 16:00:00,False,False,True,False,False
2016-08-14 19:00:00,False,False,True,False,False
2016-08-15 10:00:00,False,False,True,False,False
2016-08-15 13:00:00,False,False,True,False,False
2016-08-15 16:00:00,False,False,True,False,False
2016-08-15 19:00:00,False,False,True,False,False
2016-08-16 10:00:00,False,False,True,False,False
2016-08-16 13:00:00,False,False,True,False,False
2016-08-16 16:00:00,False,False,True,False,False
2016-08-17 07:00:00,False,False,True,False,False
2016-08-17 10:00:00,False,False,True,False,False
2016-08-17 19:00:00,False,False,True,False,False
2016-08-18 07:00:00,False,False,True,False,False
2016-08-18 10:00:00,False,False,True,False,False
2016-08-18 13:00:00,False,False,True,False,False
2016-08-18 19:00:00,False,False,True,False,False
2016-08-19 07:00:00,False,False,True,False,False
2016-08-19 10:00:00,False,False,True,False,False
2016-08-19 13:00:00,False,False,True,False,False
2016-08-19 19:00:00,False,False,False,False,True
2016-08-20 07:00:00,False,False,True,False,False
2016-08-20 10:00:00,False,False,True,False,False
2016-08-20 13:00:00,False,False,True,False,False
2016-08-20 16:00:00,False,False,True,False,False
2016-08-20 19:00:00,False,False,True,False,False
2016-08-21 07:00:00,False,False,True,False,False
2016-08-21 10:00:00,False,False,True,False,False
2016-08-21 13:00:00,False,False,False,False,True
2016-08-21 16:00:00,False,False,False,False,True
2016-08-21 19:00:00,False,False,False,False,True
2016-08-22 07:00:00,False,False,True,False,False
2016-08-22 10:00:00,False,False,False,False,True
2016-08-22 13:00:00,False,False,True,False,False
2016-08-22 16:00:00,False,False,True,False,False
2016-08-22 19:00:00,False,False,True,False,False
2016-08-23 07:00:00,False,False,True,False,False
2016-08-23 10:00:00,False,False,True,False,False
2016-08-23 13:00:00,False,False,True,False,False
2016-08-23 16:00:00,False,False,True,False,False
2016-08-23 19:00:00,False,False,True,False,False
2016-08-24 07:00:00,False,False,True,False,False
2016-08-24 10:00:00,False,False,True,False,False
2016-08-24 13:00:00,False,False,True,False,False
2016-08-24 16:00:00,False,False,True,False,False
2016-08-24 19:00:00,False,False,True,False,False
2016-08-25 07:00:00,False,False,True,False,False
2016-08-25 10:00:00,False,False,True,False,False
2016-08-25 13:00:00,False,False,True,False,False
2016-08-25 16:00:00,False,False,True,False,False
2016-08-25 19:00:00,False,False,True,False,False
2016-08-26 07:00:00,False,False,False,False,True
2016-08-26 10:00:00,False,False,False,False,True
2016-08-26 13:00:00,False,False,False,False,True
2016-08-26 16:00:00,False,False,False,False,True
2016-08-26 19:00:00,False,False,False,False,True
2016-08-27 07:00:00,False,False,False,False,True
2016-08-27 10:00:00,False,False,False,False,True
2016-08-27 13:00:00,False,False,False,False,True
2016-08-27 16:00:00,False,False,False,False,True
2016-08-27 19:00:00,False,False,False,False,True
2016-08-28 07:00:00,False,False,False,False,True
2016-08-28 10:00:00,False,False,False,False,True
2016-08-28 13:00:00,False,False,False,False,True
2016-08-28 16:00:00,False,False,False,False,True
2016-08-28 19:00:00,False,False,False,False,True
2016-08-29 10:00:00,False,False,True,False,False
2016-08-29 13:00:00,False,False,False,False,True
2016-08-29 16:00:00,False,False,False,False,True
2016-08-29 19:00:00,False,False,False,False,True
2016-08-30 07:00:00,False,False,False,False,True
2016-08-30 10:00:00,False,False,False,False,True
2016-08-30 13:00:00,False,False,False,False,True
2016-08-30 16:00:00,False,False,False,False,True
2016-08-30 19:00:00,False,False,False,False,True
2016-08-31 07:00:00,False,False,False,False,True
2016-08-31 10:00:00,False,False,False,False,True
2016-08-31 19:00:00,False,False,False,False,True
2016-06-05 07:00:00,False,False,True,False,False
2016-06-05 10:00:00,False,False,False,False,True
2016-06-05 13:00:00,False,False,False,False,True
2016-06-05 16:00:00,False,False,False,False,True
2016-06-05 19:00:00,False,False,False,False,True
2016-06-06 07:00:00,False,False,False,False,True
2016-06-06 10:00:00,False,False,False,False,True
2016-06-06 13:00:00,False,False,False,False,True
2016-06-06 16:00:00,False,False,True,False,False
2016-06-06 19:00:00,False,False,False,False,True
2016-06-07 07:00:00,False,False,True,False,False
2016-06-07 10:00:00,False,False,True,False,False
2016-06-07 13:00:00,False,False,False,False,True
2016-06-07 16:00:00,False,False,False,False,True
2016-06-07 19:00:00,False,False,False,False,True
2016-06-08 07:00:00,False,False,False,False,True
2016-06-08 10:00:00,False,False,False,False,True
2016-06-08 13:00:00,False,False,False,False,True
2016-06-08 16:00:00,False,False,False,False,True
2016-06-08 19:00:00,False,False,True,False,False
2016-06-09 07:00:00,False,False,False,False,True
2016-06-09 10:00:00,False,False,False,False,True
2016-06-09 13:00:00,False,False,False,False,True
2016-06-09 16:00:00,False,False,False,False,True
2016-06-09 19:00:00,False,False,False,False,True
2016-06-10 07:00:00,False,False,False,False,True
2016-06-10 10:00:00,False,False,False,False,True
2016-06-10 13:00:00,False,False,True,False,False
2016-06-10 16:00:00,False,False,False,False,True
2016-06-10 19:00:00,False,False,True,False,False
2016-06-11 10:00:00,False,False,False,False,True
2016-06-11 13:00:00,False,False,False,False,True
2016-06-11 16:00:00,False,False,False,False,True
2016-06-11 19:00:00,False,False,True,False,False
2016-06-12 07:00:00,False,False,False,False,True
2016-06-12 10:00:00,False,False,False,False,True
2016-06-12 13:00:00,False,False,True,False,False
2016-06-12 16:00:00,False,False,False,False,True
2016-06-12 19:00:00,False,False,False,False,True
2016-06-13 07:00:00,False,False,False,False,True
2016-06-13 10:00:00,False,False,False,False,True
2016-06-13 13:00:00,False,False,False,False,True
2016-06-13 16:00:00,False,False,False,False,True
2016-06-13 19:00:00,False,False,True,False,False
2016-06-14 07:00:00,False,False,False,False,True
2016-06-14 10:00:00,False,False,False,False,True
2016-06-14 16:00:00,False,False,False,False,True
2016-06-14 19:00:00,False,False,False,False,True
2016-06-15 10:00:00,False,False,False,False,True
2016-06-15 13:00:00,False,False,False,False,True
2016-06-15 16:00:00,False,False,True,False,False
2016-06-15 19:00:00,False,False,True,False,False
2016-06-16 07:00:00,False,False,False,False,True
2016-06-16 10:00:00,False,False,False,False,True
2016-06-16 13:00:00,False,False,False,False,True
2016-06-16 16:00:00,False,False,False,False,True
2016-06-16 19:00:00,False,False,False,False,True
2016-06-17 07:00:00,False,False,True,False,False
2016-06-17 10:00:00,False,False,True,False,False
2016-06-17 13:00:00,False,False,True,False,False
2016-06-17 16:00:00,False,False,True,False,False
2016-06-17 19:00:00,False,False,False,False,True
2016-06-18 19:00:00,False,False,False,False,True
2016-06-19 07:00:00,False,False,False,False,True
2016-06-19 10:00:00,False,False,False,False,True
2016-06-19 13:00:00,False,False,False,False,True
2016-06-19 16:00:00,False,False,True,False,False
2016-06-19 19:00:00,False,False,True,False,False
2016-06-20 07:00:00,False,False,False,False,True
2016-06-20 10:00:00,False,False,False,False,True
2016-06-20 13:00:00,False,False,False,False,True
2016-06-20 16:00:00,False,False,False,False,True
2016-06-20 19:00:00,False,False,True,False,False
2016-06-21 07:00:00,False,False,False,False,True
2016-06-21 10:00:00,False,False,False,False,True
2016-06-21 13:00:00,False,False,False,False,True
2016-06-21 16:00:00,False,False,False,False,True
2016-06-21 19:00:00,False,False,False,False,True
2016-06-22 07:00:00,False,False,False,False,True
2016-06-22 10:00:00,False,False,False,False,True
2016-06-22 13:00:00,False,False,False,False,True
2016-06-22 16:00:00,False,False,False,False,True
2016-06-23 10:00:00,False,False,False,False,True
2016-06-23 13:00:00,False,False,False,False,True
2016-06-23 16:00:00,False,False,True,False,False
2016-06-23 19:00:00,False,False,False,False,True
2016-06-24 07:00:00,False,False,False,False,True
2016-06-24 10:00:00,False,False,False,False,True
2016-06-24 13:00:00,False,False,False,False,True
2016-06-24 16:00:00,False,False,False,False,True
2016-06-24 19:00:00,False,False,False,False,True
2016-06-25 07:00:00,False,False,False,False,True
2016-06-25 10:00:00,False,False,False,False,True
2016-06-25 13:00:00,False,False,True,False,False
2016-06-25 16:00:00,False,False,False,False,True
2016-06-25 19:00:00,False,False,True,False,False
2016-06-26 07:00:00,False,False,True,False,False
2016-06-26 10:00:00,False,False,True,False,False
2016-06-26 13:00:00,False,False,True,False,False
2016-06-26 16:00:00,False,False,True,False,False
2016-06-26 19:00:00,False,False,True,False,False
2016-06-27 07:00:00,False,False,False,False,True
2016-06-27 10:00:00,False,False,False,False,True
2016-06-27 13:00:00,False,False,False,False,True
2016-06-27 16:00:00,False,False,True,False,False
2016-06-27 19:00:00,False,False,True,False,False
2016-06-28 07:00:00,False,False,True,False,False
2016-06-28 10:00:00,False,False,True,False,False
2016-06-28 13:00:00,False,False,True,False,False
2016-06-28 16:00:00,False,False,True,False,False
2016-06-28 19:00:00,False,False,True,False,False
2016-06-29 07:00:00,False,False,True,False,False
2016-06-29 10:00:00,False,False,True,False,False
2016-06-29 13:00:00,False,False,True,False,False
2016-06-29 16:00:00,False,False,True,False,False
2016-06-29 19:00:00,False,False,True,False,False
2016-06-30 07:00:00,False,False,False,False,True
2016-06-30 10:00:00,False,False,False,False,True
2016-06-30 13:00:00,False,False,False,False,True
2016-06-30 16:00:00,False,False,False,False,True
2016-06-30 19:00:00,False,False,False,False,True
2016-11-01 07:00:00,False,False,False,False,True
2016-11-01 10:00:00,False,False,False,False,True
2016-11-03 07:00:00,False,False,False,False,True
2016-11-03 10:00:00,False,False,False,False,True
2016-11-03 13:00:00,False,False,False,False,True
2016-11-03 16:00:00,False,False,True,False,False
2016-11-04 07:00:00,False,False,False,False,True
2016-11-04 10:00:00,False,False,False,False,True
2016-11-04 13:00:00,False,False,False,False,True
2016-11-04 16:00:00,False,False,False,False,True
2016-11-05 10:00:00,False,False,False,False,True
2016-11-05 16:00:00,False,False,False,False,True
2016-11-05 19:00:00,False,False,False,False,True
2016-11-06 07:00:00,False,False,False,False,True
2016-11-06 10:00:00,False,False,False,False,True
2016-11-06 13:00:00,False,False,False,False,True
2016-11-06 16:00:00,False,False,False,False,True
2016-11-07 10:00:00,False,False,False,False,True
2016-11-07 13:00:00,False,False,False,False,True
2016-11-07 16:00:00,False,False,False,False,True
2016-11-08 07:00:00,False,False,False,False,True
2016-11-08 10:00:00,False,False,False,False,True
2016-11-08 13:00:00,False,False,False,False,True
2016-11-08 16:00:00,False,False,False,False,True
2016-11-09 13:00:00,False,False,False,False,True
2016-11-09 16:00:00,False,False,False,False,True
2016-11-10 07:00:00,False,False,False,False,True
2016-11-10 10:00:00,False,False,False,False,True
2016-11-10 13:00:00,False,False,False,False,True
2016-11-10 16:00:00,False,False,False,False,True
2016-11-11 07:00:00,False,False,False,False,True
2016-11-11 10:00:00,False,False,False,False,True
2016-11-11 13:00:00,False,False,False,False,True
2016-11-11 16:00:00,False,False,False,False,True
2016-11-12 13:00:00,False,False,False,False,True
2016-11-12 16:00:00,False,False,False,False,True
2016-11-13 07:00:00,False,False,False,False,True
2016-11-14 07:00:00,False,False,False,False,True
2016-11-14 10:00:00,False,False,True,False,False
2016-11-14 13:00:00,False,False,False,False,True
2016-11-14 16:00:00,False,False,False,False,True
2016-11-15 10:00:00,False,False,False,False,True
2016-11-15 13:00:00,False,False,False,False,True
2016-11-15 16:00:00,False,False,False,False,True
2016-11-16 07:00:00,False,False,False,False,True
2016-11-16 10:00:00,False,False,False,False,True
2016-11-16 13:00:00,False,False,False,False,True
2016-11-16 16:00:00,False,False,False,False,True
2016-11-17 07:00:00,False,False,False,False,True
2016-11-17 10:00:00,False,False,False,False,True
2016-11-17 13:00:00,False,False,False,False,True
2016-11-17 16:00:00,False,False,False,False,True
2016-11-18 07:00:00,False,False,False,False,True
2016-11-18 10:00:00,False,False,False,False,True
2016-11-18 13:00:00,False,False,False,False,True
2016-11-18 16:00:00,False,False,False,False,True
2016-11-19 07:00:00,False,False,False,False,True
2016-11-19 10:00:00,False,False,False,False,True
2016-11-19 13:00:00,False,False,False,False,True
2016-11-19 16:00:00,False,False,False,False,True
2016-11-20 07:00:00,False,False,False,False,True
2016-11-20 10:00:00,False,False,False,False,True
2016-11-20 13:00:00,False,False,False,False,True
2016-11-21 07:00:00,False,False,False,False,True
2016-11-21 10:00:00,False,False,False,False,True
2016-11-21 13:00:00,False,False,True,False,False
2016-11-21 16:00:00,False,False,True,False,False
2016-11-23 07:00:00,False,False,False,False,True
2016-11-23 10:00:00,False,False,False,False,True
2016-11-23 16:00:00,False,False,False,False,True
2016-11-24 10:00:00,False,False,False,False,True
2016-11-24 13:00:00,False,False,False,False,True
2016-11-24 16:00:00,False,False,False,False,True
2016-11-25 07:00:00,False,False,False,False,True
2016-11-25 10:00:00,False,False,False,False,True
2016-11-25 13:00:00,False,False,False,False,True
2016-11-25 16:00:00,False,False,False,False,True
2016-11-27 07:00:00,False,False,True,False,False
2016-11-27 10:00:00,False,False,False,False,True
2016-11-28 07:00:00,False,False,False,False,True
2016-11-28 10:00:00,False,False,False,False,True
2016-11-28 13:00:00,False,False,False,False,True
2016-11-28 16:00:00,False,False,True,False,False
2016-11-29 07:00:00,False,False,False,False,True
2016-11-29 10:00:00,False,False,False,False,True
2016-11-29 16:00:00,False,False,False,False,True
2016-11-30 16:00:00,False,False,False,False,True
2016-07-01 13:00:00,False,False,False,False,True
2016-07-01 16:00:00,False,False,True,False,False
2016-07-01 19:00:00,False,False,False,False,True
2016-07-02 07:00:00,False,False,False,False,True
2016-07-02 10:00:00,False,False,False,False,True
2016-07-02 13:00:00,False,False,False,False,True
2016-07-02 16:00:00,False,False,False,False,True
2016-07-02 19:00:00,False,False,True,False,False
2016-07-03 07:00:00,False,False,True,False,False
2016-07-03 10:00:00,False,False,True,False,False
2016-07-03 13:00:00,False,False,True,False,False
2016-07-03 16:00:00,False,False,True,False,False
2016-07-03 19:00:00,False,False,False,False,True
2016-07-04 07:00:00,False,False,False,False,True
2016-07-04 10:00:00,False,False,False,False,True
2016-07-04 13:00:00,False,False,False,False,True
2016-07-04 16:00:00,False,False,False,False,True
2016-07-04 19:00:00,False,False,False,False,True
2016-07-05 07:00:00,False,False,False,False,True
2016-07-05 13:00:00,False,False,False,False,True
2016-07-05 16:00:00,False,False,False,False,True
2016-07-05 19:00:00,False,False,False,False,True
2016-07-06 07:00:00,False,False,False,False,True
2016-07-06 10:00:00,False,False,True,False,False
2016-07-06 13:00:00,False,False,True,False,False
2016-07-06 16:00:00,False,False,True,False,False
2016-07-06 19:00:00,False,False,True,False,False
2016-07-07 16:00:00,False,False,False,False,True
2016-07-08 07:00:00,False,False,False,False,True
2016-07-08 10:00:00,False,False,False,False,True
2016-07-08 13:00:00,False,False,False,False,True
2016-07-08 16:00:00,False,False,False,False,True
2016-07-08 19:00:00,False,False,False,False,True
2016-07-09 10:00:00,False,False,False,False,True
2016-07-09 13:00:00,False,False,False,False,True
2016-07-09 16:00:00,False,False,False,False,True
2016-07-09 19:00:00,False,False,False,False,True
2016-07-10 07:00:00,False,False,False,False,True
2016-07-10 10:00:00,False,False,True,False,False
2016-07-10 13:00:00,False,False,True,False,False
2016-07-10 16:00:00,False,False,True,False,False
2016-07-10 19:00:00,False,False,False,False,True
2016-07-11 07:00:00,False,False,False,False,True
2016-07-11 10:00:00,False,False,False,False,True
2016-07-11 13:00:00,False,False,False,False,True
2016-07-11 16:00:00,False,False,False,False,True
2016-07-11 19:00:00,False,False,False,False,True
2016-07-12 10:00:00,False,False,False,False,True
2016-07-12 13:00:00,False,False,False,False,True
2016-07-12 16:00:00,False,False,False,False,True
2016-07-12 19:00:00,False,False,False,False,True
2016-07-13 07:00:00,False,False,False,False,True
2016-07-13 10:00:00,False,False,False,False,True
2016-07-13 13:00:00,False,False,True,False,False
2016-07-13 16:00:00,False,False,True,False,False
2016-07-13 19:00:00,False,False,True,False,False
2016-07-14 07:00:00,False,False,False,False,True
2016-07-14 10:00:00,False,False,False,False,True
2016-07-14 13:00:00,False,False,False,False,True
2016-07-14 19:00:00,False,False,True,False,False
2016-07-15 07:00:00,False,False,False,False,True
2016-07-15 10:00:00,False,False,False,False,True
2016-07-15 13:00:00,False,False,True,False,False
2016-07-15 16:00:00,False,False,True,False,False
2016-07-15 19:00:00,False,False,False,False,True
2016-07-16 07:00:00,False,False,False,False,True
2016-07-16 10:00:00,False,False,False,False,True
2016-07-16 13:00:00,False,False,False,False,True
2016-07-16 16:00:00,False,False,True,False,False
2016-07-16 19:00:00,False,False,True,False,False
2016-07-17 07:00:00,False,False,False,False,True
2016-07-17 10:00:00,False,False,False,False,True
2016-07-17 13:00:00,False,False,False,False,True
2016-07-17 16:00:00,False,False,False,False,True
2016-07-17 19:00:00,False,False,False,False,True
2016-07-18 07:00:00,False,False,False,False,True
2016-07-18 10:00:00,False,False,True,False,False
2016-07-18 13:00:00,False,False,True,False,False
2016-07-18 16:00:00,False,False,False,False,True
2016-07-18 19:00:00,False,False,False,False,True
2016-07-19 10:00:00,False,False,False,False,True
2016-07-19 13:00:00,False,False,True,False,False
2016-07-19 16:00:00,False,False,True,False,False
2016-07-19 19:00:00,False,False,True,False,False
2016-07-20 07:00:00,False,False,False,False,True
2016-07-20 10:00:00,False,False,True,False,False
2016-07-20 13:00:00,False,False,True,False,False
2016-07-20 16:00:00,False,False,True,False,False
2016-07-20 19:00:00,False,False,True,False,False
2016-07-21 07:00:00,False,False,True,False,False
2016-07-21 10:00:00,False,False,True,False,False
2016-07-21 13:00:00,False,False,True,False,False
2016-07-21 16:00:00,False,False,False,False,True
2016-07-21 19:00:00,False,False,True,False,False
2016-07-22 07:00:00,False,False,False,False,True
2016-07-22 10:00:00,False,False,True,False,False
2016-07-22 13:00:00,False,False,True,False,False
2016-07-22 16:00:00,False,False,False,False,True
2016-07-22 19:00:00,False,False,False,False,True
2016-07-23 07:00:00,False,False,True,False,False
2016-07-23 10:00:00,False,False,True,False,False
2016-07-23 13:00:00,False,False,True,False,False
2016-07-23 16:00:00,False,False,True,False,False
2016-07-23 19:00:00,False,False,True,False,False
2016-07-24 07:00:00,False,False,True,False,False
2016-07-24 10:00:00,False,False,True,False,False
2016-07-24 13:00:00,False,False,True,False,False
2016-07-24 16:00:00,False,False,True,False,False
2016-07-24 19:00:00,False,False,True,False,False
2016-07-25 07:00:00,False,False,False,False,True
2016-07-25 10:00:00,False,False,False,False,True
2016-07-25 13:00:00,False,False,False,False,True
2016-07-25 19:00:00,False,False,False,False,True
2016-07-26 07:00:00,False,False,False,False,True
2016-07-26 10:00:00,False,False,True,False,False
2016-07-26 13:00:00,False,False,True,False,False
2016-07-26 16:00:00,False,False,True,False,False
2016-07-27 07:00:00,False,False,False,False,True
2016-07-27 10:00:00,False,False,True,False,False
2016-07-27 13:00:00,False,False,True,False,False
2016-07-27 16:00:00,False,False,True,False,False
2016-07-27 19:00:00,False,False,True,False,False
2016-07-28 07:00:00,False,False,True,False,False
2016-07-28 10:00:00,False,False,True,False,False
2016-07-28 13:00:00,False,False,True,False,False
2016-07-28 16:00:00,False,False,True,False,False
2016-07-28 19:00:00,False,False,True,False,False
2016-07-29 07:00:00,False,False,True,False,False
2016-07-29 10:00:00,False,False,True,False,False
2016-07-29 13:00:00,False,False,True,False,False
2016-07-29 16:00:00,False,False,True,False,False
2016-07-29 19:00:00,False,False,True,False,False
2016-07-30 07:00:00,False,False,True,False,False
2016-07-30 10:00:00,False,False,True,False,False
2016-07-30 13:00:00,False,False,True,False,False
2016-07-30 16:00:00,False,False,True,False,False
2016-07-30 19:00:00,False,False,True,False,False
2016-07-31 07:00:00,False,False,False,False,True
2016-07-31 10:00:00,False,False,False,False,True
2016-07-31 13:00:00,False,False,False,False,True
2016-07-31 16:00:00,False,False,True,False,False
2016-07-31 19:00:00,False,False,True,False,False
2017-01-01 07:00:00,False,False,False,False,True
2017-01-01 10:00:00,False,False,False,False,True
2017-01-01 13:00:00,False,False,False,False,True
2017-01-01 16:00:00,False,False,False,False,True
2017-01-02 10:00:00,False,False,True,False,False
2017-01-02 16:00:00,False,False,True,False,False
2017-01-03 07:00:00,False,False,True,False,False
2017-01-03 13:00:00,False,False,True,False,False
2017-01-04 13:00:00,False,False,True,False,False
2017-01-05 07:00:00,False,False,True,False,False
2017-01-05 10:00:00,False,False,False,False,True
2017-01-05 13:00:00,False,False,False,False,True
2017-01-05 16:00:00,False,False,False,False,True
2017-01-06 13:00:00,False,False,False,False,True
2017-01-06 16:00:00,False,False,False,False,True
2017-01-08 07:00:00,False,False,False,False,True
2017-01-10 10:00:00,False,False,False,False,True
2017-01-11 07:00:00,False,False,True,False,False
2017-01-11 10:00:00,False,False,True,False,False
2017-01-11 13:00:00,False,False,True,False,False
2017-01-11 16:00:00,False,False,True,False,False
2017-01-13 07:00:00,False,False,True,False,False
2017-01-13 10:00:00,False,False,False,False,True
2017-01-13 13:00:00,False,False,False,False,True
2017-01-13 16:00:00,False,False,False,False,True
2017-01-14 13:00:00,False,False,False,False,True
2017-01-15 07:00:00,False,False,False,False,True
2017-01-15 13:00:00,False,False,False,False,True
2017-01-16 07:00:00,False,False,False,False,True
2017-01-18 10:00:00,False,False,False,False,True
2017-01-19 13:00:00,False,False,False,False,True
2017-01-20 07:00:00,False,False,True,False,False
2017-01-20 10:00:00,False,False,False,False,True
2017-01-20 16:00:00,False,False,False,False,True
2017-01-21 07:00:00,False,False,False,False,True
2017-01-21 10:00:00,False,False,False,False,True
2017-01-21 13:00:00,False,False,False,False,True
2017-01-21 16:00:00,False,False,False,False,True
2017-01-22 07:00:00,False,False,False,False,True
2017-01-23 13:00:00,False,False,True,False,False
2017-01-23 16:00:00,False,False,True,False,False
2017-01-24 07:00:00,False,False,False,False,True
2017-01-24 10:00:00,False,False,False,False,True
2017-01-24 13:00:00,False,False,False,False,True
2017-01-24 16:00:00,False,False,False,False,True
2017-01-25 07:00:00,False,False,False,False,True
2017-01-25 10:00:00,False,False,False,False,True
2017-01-25 13:00:00,False,False,False,False,True
2017-01-25 16:00:00,False,False,False,False,True
2017-01-26 07:00:00,False,False,False,False,True
2017-01-26 10:00:00,False,False,False,False,True
2017-01-26 13:00:00,False,False,False,False,True
2017-01-26 16:00:00,False,False,False,False,True
2017-01-27 07:00:00,False,False,False,False,True
2017-01-27 10:00:00,False,False,False,False,True
2017-01-27 13:00:00,False,False,False,False,True
2017-01-27 16:00:00,False,False,False,False,True
2017-01-28 07:00:00,False,False,False,False,True
2017-01-28 10:00:00,False,False,False,False,True
2017-01-28 13:00:00,False,False,False,False,True
2017-01-28 16:00:00,False,False,False,False,True
2017-01-29 07:00:00,False,False,False,False,True
2017-01-29 10:00:00,False,False,False,False,True
2017-01-29 13:00:00,False,False,False,False,True
2017-01-29 16:00:00,False,False,False,False,True
2017-01-30 07:00:00,False,False,False,False,True
2017-01-30 10:00:00,False,False,False,False,True
2017-01-30 13:00:00,False,False,False,False,True
2017-01-30 16:00:00,False,False,False,False,True
2017-01-31 07:00:00,False,False,True,False,False
2017-01-31 10:00:00,False,False,True,False,False
2017-01-31 13:00:00,False,False,True,False,False
2017-01-31 16:00:00,False,False,True,False,False
2017-03-01 07:00:00,False,False,False,False,True
2017-03-01 10:00:00,False,False,False,False,True
2017-03-01 13:00:00,False,False,False,False,True
2017-03-01 16:00:00,False,False,False,False,True
2017-03-02 07:00:00,False,False,False,False,True
2017-03-03 10:00:00,False,False,False,False,True
2017-03-04 07:00:00,False,False,True,False,False
2017-03-04 10:00:00,False,False,False,False,True
2017-03-04 13:00:00,False,False,False,False,True
2017-03-04 16:00:00,False,False,False,False,True
2017-03-05 10:00:00,False,False,False,False,True
2017-03-05 13:00:00,False,False,False,False,True
2017-03-06 07:00:00,False,False,False,False,True
2017-03-06 10:00:00,False,False,False,False,True
2017-03-06 13:00:00,False,False,False,False,True
2017-03-06 16:00:00,False,False,True,False,False
2017-03-07 07:00:00,False,False,False,False,True
2017-03-08 07:00:00,False,False,False,False,True
2017-03-08 10:00:00,False,False,False,False,True
2017-03-08 13:00:00,False,False,False,False,True
2017-03-08 16:00:00,False,False,False,False,True
2017-03-09 10:00:00,False,False,False,False,True
2017-03-09 13:00:00,False,False,False,False,True
2017-03-10 07:00:00,False,False,False,False,True
2017-03-10 10:00:00,False,False,False,False,True
2017-03-10 13:00:00,False,False,False,False,True
2017-03-10 16:00:00,False,False,False,False,True
2017-03-11 07:00:00,False,False,False,False,True
2017-03-12 07:00:00,False,False,False,False,True
2017-03-12 10:00:00,False,False,False,False,True
2017-03-13 07:00:00,False,False,False,False,True
2017-03-13 10:00:00,False,False,False,False,True
2017-03-13 13:00:00,False,False,False,False,True
2017-03-14 10:00:00,False,False,False,False,True
2017-03-14 13:00:00,False,False,False,False,True
2017-03-14 16:00:00,False,False,False,False,True
2017-03-15 07:00:00,False,False,False,False,True
2017-03-15 10:00:00,False,False,False,False,True
2017-03-15 13:00:00,False,False,False,False,True
2017-03-16 07:00:00,False,False,False,False,True
2017-03-16 16:00:00,False,False,False,False,True
2017-03-17 07:00:00,False,False,False,False,True
2017-03-17 13:00:00,False,False,False,False,True
2017-03-18 07:00:00,False,False,False,False,True
2017-03-18 13:00:00,False,False,False,False,True
2017-03-18 16:00:00,False,False,True,False,False
2017-03-19 13:00:00,False,False,True,False,False
2017-03-19 16:00:00,False,False,True,False,False
2017-03-20 07:00:00,False,False,False,False,True
2017-03-20 10:00:00,False,False,False,False,True
2017-03-20 13:00:00,False,False,False,False,True
2017-03-20 16:00:00,False,False,False,False,True
2017-03-21 10:00:00,False,False,False,False,True
2017-03-21 16:00:00,False,False,False,False,True
2017-03-22 07:00:00,False,False,False,False,True
2017-03-23 07:00:00,False,False,False,False,True
2017-03-23 10:00:00,False,False,False,False,True
2017-03-23 13:00:00,False,False,False,False,True
2017-03-23 16:00:00,False,False,False,False,True
2017-03-24 07:00:00,False,False,False,False,True
2017-03-24 10:00:00,False,False,False,False,True
2017-03-25 07:00:00,False,False,False,False,True
2017-03-25 10:00:00,False,False,False,False,True
2017-03-25 13:00:00,False,False,False,False,True
2017-03-25 16:00:00,False,False,False,False,True
2017-03-26 16:00:00,False,False,False,False,True
2017-03-27 13:00:00,False,False,False,False,True
2017-03-27 16:00:00,False,False,False,False,True
2017-03-29 13:00:00,False,False,False,False,True
2017-03-29 16:00:00,False,False,True,False,False
2017-03-30 07:00:00,False,False,False,False,True
2017-03-30 10:00:00,False,False,True,False,False
2017-03-30 13:00:00,False,False,True,False,False
2017-03-30 16:00:00,False,False,True,False,False
2017-03-30 19:00:00,False,False,True,False,False
2017-03-31 07:00:00,False,False,False,False,True
2017-03-31 10:00:00,False,False,False,False,True
2017-03-31 13:00:00,False,False,False,False,True
2017-03-31 16:00:00,False,False,False,False,True
2017-03-31 19:00:00,False,False,False,False,True
2016-10-01 07:00:00,False,False,False,False,True
2016-10-01 10:00:00,False,False,False,False,True
2016-10-01 13:00:00,False,False,False,False,True
2016-10-01 16:00:00,False,False,False,False,True
2016-10-01 19:00:00,False,False,False,False,True
2016-10-02 07:00:00,False,False,False,False,True
2016-10-02 10:00:00,False,False,False,False,True
2016-10-02 13:00:00,False,False,True,False,False
2016-10-02 16:00:00,False,False,True,False,False
2016-10-02 19:00:00,False,False,True,False,False
2016-10-03 07:00:00,False,False,False,False,True
2016-10-03 10:00:00,False,False,False,False,True
2016-10-03 13:00:00,False,False,False,False,True
2016-10-03 16:00:00,False,False,False,False,True
2016-10-03 19:00:00,False,False,False,False,True
2016-10-04 07:00:00,False,False,False,False,True
2016-10-04 10:00:00,False,False,False,False,True
2016-10-04 13:00:00,False,False,False,False,True
2016-10-04 16:00:00,False,False,False,False,True
2016-10-05 07:00:00,False,False,False,False,True
2016-10-05 10:00:00,False,False,False,False,True
2016-10-05 13:00:00,False,False,True,False,False
2016-10-05 16:00:00,False,False,True,False,False
2016-10-05 19:00:00,False,False,False,False,True
2016-10-06 07:00:00,False,False,False,False,True
2016-10-06 10:00:00,False,False,False,False,True
2016-10-06 13:00:00,False,False,False,False,True
2016-10-07 07:00:00,False,False,False,False,True
2016-10-07 10:00:00,False,False,False,False,True
2016-10-07 13:00:00,False,False,False,False,True
2016-10-07 16:00:00,False,False,False,False,True
2016-10-07 19:00:00,False,False,False,False,True
2016-10-08 10:00:00,False,False,False,False,True
2016-10-08 19:00:00,False,False,False,False,True
2016-10-09 07:00:00,False,False,False,False,True
2016-10-09 10:00:00,False,False,False,False,True
2016-10-09 13:00:00,False,False,False,False,True
2016-10-09 16:00:00,False,False,True,False,False
2016-10-09 19:00:00,False,False,True,False,False
2016-10-10 07:00:00,False,False,False,False,True
2016-10-10 10:00:00,False,False,False,False,True
2016-10-10 13:00:00,False,False,False,False,True
2016-10-10 16:00:00,False,False,True,False,False
2016-10-10 19:00:00,False,False,True,False,False
2016-10-11 07:00:00,False,False,True,False,False
2016-10-11 10:00:00,False,False,True,False,False
2016-10-11 13:00:00,False,False,True,False,False
2016-10-11 16:00:00,False,False,True,False,False
2016-10-11 19:00:00,False,False,True,False,False
2016-10-12 07:00:00,False,False,True,False,False
2016-10-12 10:00:00,False,False,True,False,False
2016-10-12 13:00:00,False,False,False,False,True
2016-10-12 16:00:00,False,False,False,False,True
2016-10-12 19:00:00,False,False,False,False,True
2016-10-13 10:00:00,False,False,False,False,True
2016-10-13 13:00:00,False,False,False,False,True
2016-10-13 16:00:00,False,False,False,False,True
2016-10-14 16:00:00,False,False,False,False,True
2016-10-14 19:00:00,False,False,False,False,True
2016-10-15 07:00:00,False,False,False,False,True
2016-10-16 07:00:00,False,False,False,False,True
2016-10-16 13:00:00,False,False,False,False,True
2016-10-16 16:00:00,False,False,False,False,True
2016-10-17 10:00:00,False,False,False,False,True
2016-10-17 16:00:00,False,False,True,False,False
2016-10-17 19:00:00,False,False,False,False,True
2016-10-18 07:00:00,False,False,False,False,True
2016-10-18 16:00:00,False,False,False,False,True
2016-10-18 19:00:00,False,False,False,False,True
2016-10-19 07:00:00,False,False,False,False,True
2016-10-19 10:00:00,False,False,False,False,True
2016-10-19 13:00:00,False,False,False,False,True
2016-10-20 07:00:00,False,False,False,False,True
2016-10-20 10:00:00,False,False,False,False,True
2016-10-20 13:00:00,False,False,False,False,True
2016-10-20 16:00:00,False,False,True,False,False
2016-10-20 19:00:00,False,False,True,False,False
2016-10-21 07:00:00,False,False,False,False,True
2016-10-21 10:00:00,False,False,False,False,True
2016-10-21 16:00:00,False,False,False,False,True
2016-10-22 07:00:00,False,False,False,False,True
2016-10-22 10:00:00,False,False,False,False,True
2016-10-22 13:00:00,False,False,False,False,True
2016-10-22 16:00:00,False,False,False,False,True
2016-10-22 19:00:00,False,False,False,False,True
2016-10-23 10:00:00,False,False,False,False,True
2016-10-23 13:00:00,False,False,False,False,True
2016-10-23 16:00:00,False,False,False,False,True
2016-10-23 19:00:00,False,False,False,False,True
2016-10-24 07:00:00,False,False,False,False,True
2016-10-24 10:00:00,False,False,False,False,True
2016-10-24 13:00:00,False,False,False,False,True
2016-10-25 07:00:00,False,False,False,False,True
2016-10-25 10:00:00,False,False,False,False,True
2016-10-25 16:00:00,False,False,False,False,True
2016-10-26 16:00:00,False,False,False,False,True
2016-10-27 07:00:00,False,False,False,False,True
2016-10-27 10:00:00,False,False,False,False,True
2016-10-28 07:00:00,False,False,False,False,True
2016-10-28 10:00:00,False,False,False,False,True
2016-10-28 13:00:00,False,False,False,False,True
2016-10-28 16:00:00,False,False,False,False,True
2016-10-29 07:00:00,False,False,False,False,True
2016-10-29 16:00:00,False,False,False,False,True
2016-10-30 07:00:00,False,False,True,False,False
2016-10-30 10:00:00,False,False,False,False,True
2016-10-30 13:00:00,False,False,False,False,True
2016-10-30 16:00:00,False,False,False,False,True
2016-10-31 13:00:00,False,False,False,False,True
2017-06-01 10:00:00,False,False,False,False,True
2017-06-01 13:00:00,False,False,False,False,True
2017-06-01 16:00:00,False,False,False,False,True
2017-06-01 19:00:00,False,False,False,False,True
2017-06-02 10:00:00,False,False,False,False,True
2017-06-02 13:00:00,False,False,False,False,True
2017-06-02 16:00:00,False,False,False,False,True
2017-06-02 19:00:00,False,False,False,False,True
2017-06-03 07:00:00,False,False,False,False,True
2017-06-03 10:00:00,False,False,False,False,True
2017-06-03 13:00:00,False,False,False,False,True
2017-06-03 16:00:00,False,False,True,False,False
2017-06-03 19:00:00,False,False,True,False,False
2017-06-04 07:00:00,False,False,False,False,True
2017-06-04 10:00:00,False,False,False,False,True
2017-06-04 13:00:00,False,False,True,False,False
2017-06-04 16:00:00,False,False,True,False,False
2017-06-04 19:00:00,False,False,True,False,False
2017-06-05 07:00:00,False,False,True,False,False
2017-06-05 10:00:00,False,False,True,False,False
2017-06-05 13:00:00,False,False,True,False,False
2017-06-05 16:00:00,False,False,False,False,True
2017-06-05 19:00:00,False,False,False,False,True
2017-06-06 07:00:00,False,False,True,False,False
2017-06-06 10:00:00,False,False,False,False,True
2017-06-06 13:00:00,False,False,False,False,True
2017-06-06 16:00:00,False,False,True,False,False
2017-06-06 19:00:00,False,False,False,False,True
2017-06-07 07:00:00,False,False,True,False,False
2017-06-07 10:00:00,False,False,False,False,True
2017-06-07 13:00:00,False,False,False,False,True
2017-06-07 16:00:00,False,False,False,False,True
2017-06-07 19:00:00,False,False,False,False,True
2017-06-08 16:00:00,False,False,False,False,True
2017-06-08 19:00:00,False,False,False,False,True
2017-06-09 07:00:00,False,False,True,False,False
2017-06-09 10:00:00,False,False,False,False,True
2017-06-09 13:00:00,False,False,True,False,False
2017-06-09 16:00:00,False,False,True,False,False
2017-06-09 19:00:00,False,False,True,False,False
2017-06-10 07:00:00,False,False,False,False,True
2017-06-10 10:00:00,False,False,False,False,True
2017-06-10 13:00:00,False,False,False,False,True
2017-06-10 16:00:00,False,False,False,False,True
2017-06-10 19:00:00,False,False,False,False,True
2017-06-11 07:00:00,False,False,True,False,False
2017-06-11 10:00:00,False,False,True,False,False
2017-06-11 13:00:00,False,False,True,False,False
2017-06-11 16:00:00,False,False,True,False,False
2017-06-11 19:00:00,False,False,True,False,False
2017-06-12 07:00:00,False,False,False,False,True
2017-06-12 10:00:00,False,False,False,False,True
2017-06-12 13:00:00,False,False,True,False,False
2017-06-12 16:00:00,False,False,False,False,True
2017-06-12 19:00:00,False,False,False,False,True
2017-06-13 07:00:00,False,False,False,False,True
2017-06-13 10:00:00,False,False,False,False,True
2017-06-13 13:00:00,False,False,False,False,True
2017-06-13 16:00:00,False,False,False,False,True
2017-06-13 19:00:00,False,False,False,False,True
2017-06-14 07:00:00,False,False,False,False,True
2017-06-14 10:00:00,False,False,False,False,True
2017-06-14 13:00:00,False,False,False,False,True
2017-06-14 16:00:00,False,False,False,False,True
2017-06-14 19:00:00,False,False,False,False,True
2017-06-15 19:00:00,False,False,False,False,True
2017-06-16 07:00:00,False,False,False,False,True
2017-06-16 10:00:00,False,False,False,False,True
2017-06-16 13:00:00,False,False,False,False,True
2017-06-16 16:00:00,False,False,False,False,True
2017-06-16 19:00:00,False,False,True,False,False
2017-06-17 07:00:00,False,False,False,False,True
2017-06-17 10:00:00,False,False,False,False,True
2017-06-17 13:00:00,False,False,False,False,True
2017-06-17 16:00:00,False,False,False,False,True
2017-06-18 16:00:00,False,False,False,False,True
2017-06-18 19:00:00,False,False,False,False,True
2017-06-19 07:00:00,False,False,False,False,True
2017-06-19 10:00:00,False,False,False,False,True
2017-06-19 13:00:00,False,False,False,False,True
2017-06-19 16:00:00,False,False,False,False,True
2017-06-19 19:00:00,False,False,False,False,True
2017-06-20 07:00:00,False,False,False,False,True
2017-06-20 10:00:00,False,False,False,False,True
2017-06-20 13:00:00,False,False,False,False,True
2017-06-20 16:00:00,False,False,True,False,False
2017-06-20 19:00:00,False,False,True,False,False
